Any,Indicador,Equipament,Valor,Notes_Dades,Notes_Equipament,Codi_Districte,Nom_Districte,Codi_Barri,Nom_Barri,Titularitat,TipusGeneral,TipusEquipament,Ambit,Latitud,Longitud
2017,Assistents_Activitats,"Biblioteca Barceloneta - La Fraternitat",1007,,,01,"Ciutat Vella",03,"la Barceloneta","Consorci o fundació amb presència municipal","Biblioteques de Barcelona",Biblioteques,Lletres,41.379201005,2.188854072
2017,Assistents_Activitats,"Biblioteca Francesca Bonnemaison",2732,,,01,"Ciutat Vella",04,"Sant Pere, Santa Caterina i la Ribera","Consorci o fundació amb presència municipal","Biblioteques de Barcelona",Biblioteques,Lletres,41.386936575,2.175789976
2017,Assistents_Activitats,"Biblioteca Gòtic - Andreu Nin",1430,,,01,"Ciutat Vella",02,"el Barri Gòtic","Consorci o fundació amb presència municipal","Biblioteques de Barcelona",Biblioteques,Lletres,41.378730324,2.175978504
2017,Assistents_Activitats,"Biblioteca Sant Pau i Santa Creu",1009,,,01,"Ciutat Vella",01,"el Raval","Consorci o fundació amb presència municipal","Biblioteques de Barcelona",Biblioteques,Lletres,41.381057326,2.169793857
2017,Assistents_Activitats,"Biblioteca Esquerra de l'Eixample-Agustí Centelles",4754,,,02,Eixample,09,"la Nova Esquerra de l'Eixample","Consorci o fundació amb presència municipal","Biblioteques de Barcelona",Biblioteques,Lletres,41.3864488,2.1527896
2017,Assistents_Activitats,"Biblioteca Fort Pienc",1100,,,02,Eixample,05,"el Fort Pienc","Consorci o fundació amb presència municipal","Biblioteques de Barcelona",Biblioteques,Lletres,41.395555185,2.182447586
2017,Assistents_Activitats,"Biblioteca Joan Miró",1105,,,02,Eixample,09,"la Nova Esquerra de l'Eixample","Consorci o fundació amb presència municipal","Biblioteques de Barcelona",Biblioteques,Lletres,41.378816801,2.149230361
2017,Assistents_Activitats,"Biblioteca Sagrada Família",3010,,,02,Eixample,06,"la Sagrada Família","Consorci o fundació amb presència municipal","Biblioteques de Barcelona",Biblioteques,Lletres,41.4055771,2.176118
2017,Assistents_Activitats,"Biblioteca Sant Antoni - Joan Oliver",1786,,,02,Eixample,10,"Sant Antoni","Consorci o fundació amb presència municipal","Biblioteques de Barcelona",Biblioteques,Lletres,41.377384776,2.162778079
2017,Assistents_Activitats,"Biblioteca Sofia Barat",1583,,,02,Eixample,07,"la Dreta de Eixample","Consorci o fundació amb presència municipal","Biblioteques de Barcelona",Biblioteques,Lletres,41.394674294,2.171504480
2017,Assistents_Activitats,"Biblioteca Francesc Candel",1909,,,03,Sants-Montjuïc,13,"la Marina de Port","Consorci o fundació amb presència municipal","Biblioteques de Barcelona",Biblioteques,Lletres,41.361777512,2.136276613
2017,Assistents_Activitats,"Biblioteca Poble Sec - Francesc Boix",1219,,,03,Sants-Montjuïc,11,"el Poble-sec","Consorci o fundació amb presència municipal","Biblioteques de Barcelona",Biblioteques,Lletres,41.373921824,2.164025015
2017,Assistents_Activitats,"Biblioteca Vapor Vell",3548,,,03,Sants-Montjuïc,18,Sants,"Consorci o fundació amb presència municipal","Biblioteques de Barcelona",Biblioteques,Lletres,41.376897256,2.134733614
2017,Assistents_Activitats,"Biblioteca Can Rosés",910,,,04,"Les Corts",19,"les Corts","Consorci o fundació amb presència municipal","Biblioteques de Barcelona",Biblioteques,Lletres,41.388637762,2.134585602
2017,Assistents_Activitats,"Biblioteca Les Corts - Miquel Llongueras",2077,,,04,"Les Corts",20,"la Maternitat i Sant Ramon","Consorci o fundació amb presència municipal","Biblioteques de Barcelona",Biblioteques,Lletres,41.377777960,2.121760828
2017,Assistents_Activitats,"Biblioteca Clarà",1346,,,05,"Sarrià-Sant Gervasi",24,"les Tres Torres","Consorci o fundació amb presència municipal","Biblioteques de Barcelona",Biblioteques,Lletres,41.399909399,2.129455802
2017,Assistents_Activitats,"Biblioteca Collserola - Josep Miracle",1959,,,05,"Sarrià-Sant Gervasi",22,"Vallvidrera, el Tibidabo i les Planes","Consorci o fundació amb presència municipal","Biblioteques de Barcelona",Biblioteques,Lletres,41.415359022,2.102528700
2017,Assistents_Activitats,"Biblioteca Sant Gervasi - Joan Maragall",3146,,,05,"Sarrià-Sant Gervasi",25,"Sant Gervasi - la Bonanova","Consorci o fundació amb presència municipal","Biblioteques de Barcelona",Biblioteques,Lletres,41.4059495,2.136064
2017,Assistents_Activitats,"Biblioteca Jaume Fuster",4943,,,06,Gràcia,28,"Vallcarca i els Penitents","Consorci o fundació amb presència municipal","Biblioteques de Barcelona",Biblioteques,Lletres,41.407459888,2.149757498
2017,Assistents_Activitats,"Biblioteca Vallcarca i els Penitents",1366,,,06,Gràcia,28,"Vallcarca i els Penitents","Consorci o fundació amb presència municipal","Biblioteques de Barcelona",Biblioteques,Lletres,41.420008234,2.139657303
2017,Assistents_Activitats,"Biblioteca Vila de Gràcia",1805,,,06,Gràcia,31,"la Vila de Gràcia","Consorci o fundació amb presència municipal","Biblioteques de Barcelona",Biblioteques,Lletres,41.401467067,2.158213802
2017,Assistents_Activitats,"Biblioteca El Carmel - Juan Marsé",2281,,,07,Horta-Guinardó,37,"el Carmel","Consorci o fundació amb presència municipal","Biblioteques de Barcelona",Biblioteques,Lletres,41.421104560,2.155286623
2017,Assistents_Activitats,"Biblioteca Guinardó - Mercè Rodoreda",2488,,,07,Horta-Guinardó,33,"el Baix Guinardó","Consorci o fundació amb presència municipal","Biblioteques de Barcelona",Biblioteques,Lletres,41.414313258,2.165318095
2017,Assistents_Activitats,"Biblioteca Horta - Can Mariner",1795,,,07,Horta-Guinardó,43,Horta,"Consorci o fundació amb presència municipal","Biblioteques de Barcelona",Biblioteques,Lletres,41.431105502,2.160733590
2017,Assistents_Activitats,"Biblioteca Montbau - Albert Pérez Baró",622,,,07,Horta-Guinardó,40,Montbau,"Consorci o fundació amb presència municipal","Biblioteques de Barcelona",Biblioteques,Lletres,41.429553532,2.142195427
2017,Assistents_Activitats,"Biblioteca Canyelles",486,,,08,"Nou Barris",49,Canyelles,"Consorci o fundació amb presència municipal","Biblioteques de Barcelona",Biblioteques,Lletres,41.443773486,2.164322669
2017,Assistents_Activitats,"Biblioteca Les Roquetes",1863,,,08,"Nou Barris",50,"les Roquetes","Consorci o fundació amb presència municipal","Biblioteques de Barcelona",Biblioteques,Lletres,41.445371792,2.177103706
2017,Assistents_Activitats,"Biblioteca Nou Barris",1822,,,08,"Nou Barris",48,"la Guineueta","Consorci o fundació amb presència municipal","Biblioteques de Barcelona",Biblioteques,Lletres,41.436813681,2.171212448
2017,Assistents_Activitats,"Biblioteca Vilapicina i la Torre Llobeta",1806,,,08,"Nou Barris",44,"Vilapicina i la Torre Llobeta","Consorci o fundació amb presència municipal","Biblioteques de Barcelona",Biblioteques,Lletres,41.426885098,2.176452383
2017,Assistents_Activitats,"Biblioteca Zona Nord",2377,,,08,"Nou Barris",54,"Torre Baró","Consorci o fundació amb presència municipal","Biblioteques de Barcelona",Biblioteques,Lletres,41.461237425,2.179875786
2017,Assistents_Activitats,"Biblioteca Bon Pastor",4656,,,09,"Sant Andreu",59,"el Bon Pastor","Consorci o fundació amb presència municipal","Biblioteques de Barcelona",Biblioteques,Lletres,41.435164144,2.204659876
2017,Assistents_Activitats,"Biblioteca Ignasi Iglésias - Can Fabra",7149,,,09,"Sant Andreu",60,"Sant Andreu","Consorci o fundació amb presència municipal","Biblioteques de Barcelona",Biblioteques,Lletres,41.434481450,2.190871493
2017,Assistents_Activitats,"Biblioteca La Sagrera - Marina Clotet",4856,,,09,"Sant Andreu",61,"la Sagrera","Consorci o fundació amb presència municipal","Biblioteques de Barcelona",Biblioteques,Lletres,41.425875519,2.193764263
2017,Assistents_Activitats,"Biblioteca Trinitat Vella - J. Barbero",1540,,,09,"Sant Andreu",57,"la Trinitat Vella","Consorci o fundació amb presència municipal","Biblioteques de Barcelona",Biblioteques,Lletres,41.449283144,2.190748711
2017,Assistents_Activitats,"Biblioteca Camp de l'Arpa - Caterina Albert",1922,,,10,"Sant Martí",64,"el Camp de l'Arpa del Clot","Consorci o fundació amb presència municipal","Biblioteques de Barcelona",Biblioteques,Lletres,41.415766234,2.182280785
2017,Assistents_Activitats,"Biblioteca El Clot - Josep Benet",2270,,,10,"Sant Martí",66,"el Parc i la Llacuna del Poblenou","Consorci o fundació amb presència municipal","Biblioteques de Barcelona",Biblioteques,Lletres,41.4019532,2.188806
2017,Assistents_Activitats,"Biblioteca Poblenou - Manuel Arranz",2265,,,10,"Sant Martí",68,"el Poblenou","Consorci o fundació amb presència municipal","Biblioteques de Barcelona",Biblioteques,Lletres,41.401373426,2.204525705
2017,Assistents_Activitats,"Biblioteca Ramon d'Alòs-Moner",847,,,10,"Sant Martí",70,"el Besòs i el Maresme","Consorci o fundació amb presència municipal","Biblioteques de Barcelona",Biblioteques,Lletres,41.416309274,2.211483280
2017,Assistents_Activitats,"Biblioteca Sant Martí de Provençals",1082,,,10,"Sant Martí",72,"Sant Martí de Provençals","Consorci o fundació amb presència municipal","Biblioteques de Barcelona",Biblioteques,Lletres,41.416623960,2.198564569
2017,Assistents_Activitats,"Biblioteca Xavier Benguerel",2212,,,10,"Sant Martí",67,"la Vila Olímpica del Poblenou","Consorci o fundació amb presència municipal","Biblioteques de Barcelona",Biblioteques,Lletres,41.392407385,2.197710107
2017,Assistents_Visites_Escolars,"Biblioteca Barceloneta - La Fraternitat",908,,,01,"Ciutat Vella",03,"la Barceloneta","Consorci o fundació amb presència municipal","Biblioteques de Barcelona",Biblioteques,Lletres,41.379201005,2.188854072
2017,Assistents_Visites_Escolars,"Biblioteca Francesca Bonnemaison",560,,,01,"Ciutat Vella",04,"Sant Pere, Santa Caterina i la Ribera","Consorci o fundació amb presència municipal","Biblioteques de Barcelona",Biblioteques,Lletres,41.386936575,2.175789976
2017,Assistents_Visites_Escolars,"Biblioteca Gòtic - Andreu Nin",1209,,,01,"Ciutat Vella",02,"el Barri Gòtic","Consorci o fundació amb presència municipal","Biblioteques de Barcelona",Biblioteques,Lletres,41.378730324,2.175978504
2017,Assistents_Visites_Escolars,"Biblioteca Sant Pau i Santa Creu",1136,,,01,"Ciutat Vella",01,"el Raval","Consorci o fundació amb presència municipal","Biblioteques de Barcelona",Biblioteques,Lletres,41.381057326,2.169793857
2017,Assistents_Visites_Escolars,"Biblioteca Esquerra de l'Eixample-Agustí Centelles",969,,,02,Eixample,09,"la Nova Esquerra de l'Eixample","Consorci o fundació amb presència municipal","Biblioteques de Barcelona",Biblioteques,Lletres,41.3864488,2.1527896
2017,Assistents_Visites_Escolars,"Biblioteca Fort Pienc",2897,,,02,Eixample,05,"el Fort Pienc","Consorci o fundació amb presència municipal","Biblioteques de Barcelona",Biblioteques,Lletres,41.395555185,2.182447586
2017,Assistents_Visites_Escolars,"Biblioteca Joan Miró",513,,,02,Eixample,09,"la Nova Esquerra de l'Eixample","Consorci o fundació amb presència municipal","Biblioteques de Barcelona",Biblioteques,Lletres,41.378816801,2.149230361
2017,Assistents_Visites_Escolars,"Biblioteca Sagrada Família",1696,,,02,Eixample,06,"la Sagrada Família","Consorci o fundació amb presència municipal","Biblioteques de Barcelona",Biblioteques,Lletres,41.4055771,2.176118
2017,Assistents_Visites_Escolars,"Biblioteca Sant Antoni - Joan Oliver",2023,,,02,Eixample,10,"Sant Antoni","Consorci o fundació amb presència municipal","Biblioteques de Barcelona",Biblioteques,Lletres,41.377384776,2.162778079
2017,Assistents_Visites_Escolars,"Biblioteca Sofia Barat",1135,,,02,Eixample,07,"la Dreta de Eixample","Consorci o fundació amb presència municipal","Biblioteques de Barcelona",Biblioteques,Lletres,41.394674294,2.171504480
2017,Assistents_Visites_Escolars,"Biblioteca Francesc Candel",1568,,,03,Sants-Montjuïc,13,"la Marina de Port","Consorci o fundació amb presència municipal","Biblioteques de Barcelona",Biblioteques,Lletres,41.361777512,2.136276613
2017,Assistents_Visites_Escolars,"Biblioteca Poble Sec - Francesc Boix",586,,,03,Sants-Montjuïc,11,"el Poble-sec","Consorci o fundació amb presència municipal","Biblioteques de Barcelona",Biblioteques,Lletres,41.373921824,2.164025015
2017,Assistents_Visites_Escolars,"Biblioteca Vapor Vell",513,,,03,Sants-Montjuïc,18,Sants,"Consorci o fundació amb presència municipal","Biblioteques de Barcelona",Biblioteques,Lletres,41.376897256,2.134733614
2017,Assistents_Visites_Escolars,"Biblioteca Can Rosés",0,,,04,"Les Corts",19,"les Corts","Consorci o fundació amb presència municipal","Biblioteques de Barcelona",Biblioteques,Lletres,41.388637762,2.134585602
2017,Assistents_Visites_Escolars,"Biblioteca Les Corts - Miquel Llongueras",1063,,,04,"Les Corts",20,"la Maternitat i Sant Ramon","Consorci o fundació amb presència municipal","Biblioteques de Barcelona",Biblioteques,Lletres,41.377777960,2.121760828
2017,Assistents_Visites_Escolars,"Biblioteca Clarà",758,,,05,"Sarrià-Sant Gervasi",24,"les Tres Torres","Consorci o fundació amb presència municipal","Biblioteques de Barcelona",Biblioteques,Lletres,41.399909399,2.129455802
2017,Assistents_Visites_Escolars,"Biblioteca Collserola - Josep Miracle",442,,,05,"Sarrià-Sant Gervasi",22,"Vallvidrera, el Tibidabo i les Planes","Consorci o fundació amb presència municipal","Biblioteques de Barcelona",Biblioteques,Lletres,41.415359022,2.102528700
2017,Assistents_Visites_Escolars,"Biblioteca Sant Gervasi - Joan Maragall",1591,,,05,"Sarrià-Sant Gervasi",25,"Sant Gervasi - la Bonanova","Consorci o fundació amb presència municipal","Biblioteques de Barcelona",Biblioteques,Lletres,41.4059495,2.136064
2017,Assistents_Visites_Escolars,"Biblioteca Jaume Fuster",2434,,,06,Gràcia,28,"Vallcarca i els Penitents","Consorci o fundació amb presència municipal","Biblioteques de Barcelona",Biblioteques,Lletres,41.407459888,2.149757498
2017,Assistents_Visites_Escolars,"Biblioteca Vallcarca i els Penitents",799,,,06,Gràcia,28,"Vallcarca i els Penitents","Consorci o fundació amb presència municipal","Biblioteques de Barcelona",Biblioteques,Lletres,41.420008234,2.139657303
2017,Assistents_Visites_Escolars,"Biblioteca Vila de Gràcia",492,,,06,Gràcia,31,"la Vila de Gràcia","Consorci o fundació amb presència municipal","Biblioteques de Barcelona",Biblioteques,Lletres,41.401467067,2.158213802
2017,Assistents_Visites_Escolars,"Biblioteca El Carmel - Juan Marsé",1555,,,07,Horta-Guinardó,37,"el Carmel","Consorci o fundació amb presència municipal","Biblioteques de Barcelona",Biblioteques,Lletres,41.421104560,2.155286623
2017,Assistents_Visites_Escolars,"Biblioteca Guinardó - Mercè Rodoreda",551,,,07,Horta-Guinardó,33,"el Baix Guinardó","Consorci o fundació amb presència municipal","Biblioteques de Barcelona",Biblioteques,Lletres,41.414313258,2.165318095
2017,Assistents_Visites_Escolars,"Biblioteca Horta - Can Mariner",580,,,07,Horta-Guinardó,43,Horta,"Consorci o fundació amb presència municipal","Biblioteques de Barcelona",Biblioteques,Lletres,41.431105502,2.160733590
2017,Assistents_Visites_Escolars,"Biblioteca Montbau - Albert Pérez Baró",251,,,07,Horta-Guinardó,40,Montbau,"Consorci o fundació amb presència municipal","Biblioteques de Barcelona",Biblioteques,Lletres,41.429553532,2.142195427
2017,Assistents_Visites_Escolars,"Biblioteca Canyelles",348,,,08,"Nou Barris",49,Canyelles,"Consorci o fundació amb presència municipal","Biblioteques de Barcelona",Biblioteques,Lletres,41.443773486,2.164322669
2017,Assistents_Visites_Escolars,"Biblioteca Les Roquetes",960,,,08,"Nou Barris",50,"les Roquetes","Consorci o fundació amb presència municipal","Biblioteques de Barcelona",Biblioteques,Lletres,41.445371792,2.177103706
2017,Assistents_Visites_Escolars,"Biblioteca Nou Barris",1501,,,08,"Nou Barris",48,"la Guineueta","Consorci o fundació amb presència municipal","Biblioteques de Barcelona",Biblioteques,Lletres,41.436813681,2.171212448
2017,Assistents_Visites_Escolars,"Biblioteca Vilapicina i la Torre Llobeta",946,,,08,"Nou Barris",44,"Vilapicina i la Torre Llobeta","Consorci o fundació amb presència municipal","Biblioteques de Barcelona",Biblioteques,Lletres,41.426885098,2.176452383
2017,Assistents_Visites_Escolars,"Biblioteca Zona Nord",1817,,,08,"Nou Barris",54,"Torre Baró","Consorci o fundació amb presència municipal","Biblioteques de Barcelona",Biblioteques,Lletres,41.461237425,2.179875786
2017,Assistents_Visites_Escolars,"Biblioteca Bon Pastor",3259,,,09,"Sant Andreu",59,"el Bon Pastor","Consorci o fundació amb presència municipal","Biblioteques de Barcelona",Biblioteques,Lletres,41.435164144,2.204659876
2017,Assistents_Visites_Escolars,"Biblioteca Ignasi Iglésias - Can Fabra",4405,,,09,"Sant Andreu",60,"Sant Andreu","Consorci o fundació amb presència municipal","Biblioteques de Barcelona",Biblioteques,Lletres,41.434481450,2.190871493
2017,Assistents_Visites_Escolars,"Biblioteca La Sagrera - Marina Clotet",1416,,,09,"Sant Andreu",61,"la Sagrera","Consorci o fundació amb presència municipal","Biblioteques de Barcelona",Biblioteques,Lletres,41.425875519,2.193764263
2017,Assistents_Visites_Escolars,"Biblioteca Trinitat Vella - J. Barbero",498,,,09,"Sant Andreu",57,"la Trinitat Vella","Consorci o fundació amb presència municipal","Biblioteques de Barcelona",Biblioteques,Lletres,41.449283144,2.190748711
2017,Assistents_Visites_Escolars,"Biblioteca Camp de l'Arpa - Caterina Albert",694,,,10,"Sant Martí",64,"el Camp de l'Arpa del Clot","Consorci o fundació amb presència municipal","Biblioteques de Barcelona",Biblioteques,Lletres,41.415766234,2.182280785
2017,Assistents_Visites_Escolars,"Biblioteca El Clot - Josep Benet",1219,,,10,"Sant Martí",66,"el Parc i la Llacuna del Poblenou","Consorci o fundació amb presència municipal","Biblioteques de Barcelona",Biblioteques,Lletres,41.4019532,2.188806
2017,Assistents_Visites_Escolars,"Biblioteca Poblenou - Manuel Arranz",1465,,,10,"Sant Martí",68,"el Poblenou","Consorci o fundació amb presència municipal","Biblioteques de Barcelona",Biblioteques,Lletres,41.401373426,2.204525705
2017,Assistents_Visites_Escolars,"Biblioteca Ramon d'Alòs-Moner",1146,,,10,"Sant Martí",70,"el Besòs i el Maresme","Consorci o fundació amb presència municipal","Biblioteques de Barcelona",Biblioteques,Lletres,41.416309274,2.211483280
2017,Assistents_Visites_Escolars,"Biblioteca Sant Martí de Provençals",824,,,10,"Sant Martí",72,"Sant Martí de Provençals","Consorci o fundació amb presència municipal","Biblioteques de Barcelona",Biblioteques,Lletres,41.416623960,2.198564569
2017,Assistents_Visites_Escolars,"Biblioteca Xavier Benguerel",2170,,,10,"Sant Martí",67,"la Vila Olímpica del Poblenou","Consorci o fundació amb presència municipal","Biblioteques de Barcelona",Biblioteques,Lletres,41.392407385,2.197710107
2017,Fons_Documentals,"Biblioteca Barceloneta - La Fraternitat",51304,,,01,"Ciutat Vella",03,"la Barceloneta","Consorci o fundació amb presència municipal","Biblioteques de Barcelona",Biblioteques,Lletres,41.379201005,2.188854072
2017,Fons_Documentals,"Biblioteca Francesca Bonnemaison",95030,,,01,"Ciutat Vella",04,"Sant Pere, Santa Caterina i la Ribera","Consorci o fundació amb presència municipal","Biblioteques de Barcelona",Biblioteques,Lletres,41.386936575,2.175789976
2017,Fons_Documentals,"Biblioteca Gòtic - Andreu Nin",43605,,,01,"Ciutat Vella",02,"el Barri Gòtic","Consorci o fundació amb presència municipal","Biblioteques de Barcelona",Biblioteques,Lletres,41.378730324,2.175978504
2017,Fons_Documentals,"Biblioteca Sant Pau i Santa Creu",68523,,,01,"Ciutat Vella",01,"el Raval","Consorci o fundació amb presència municipal","Biblioteques de Barcelona",Biblioteques,Lletres,41.381057326,2.169793857
2017,Fons_Documentals,"Biblioteca Esquerra de l'Eixample-Agustí Centelles",82974,,,02,Eixample,09,"la Nova Esquerra de l'Eixample","Consorci o fundació amb presència municipal","Biblioteques de Barcelona",Biblioteques,Lletres,41.3864488,2.1527896
2017,Fons_Documentals,"Biblioteca Fort Pienc",61513,,,02,Eixample,05,"el Fort Pienc","Consorci o fundació amb presència municipal","Biblioteques de Barcelona",Biblioteques,Lletres,41.395555185,2.182447586
2017,Fons_Documentals,"Biblioteca Joan Miró",63011,,,02,Eixample,09,"la Nova Esquerra de l'Eixample","Consorci o fundació amb presència municipal","Biblioteques de Barcelona",Biblioteques,Lletres,41.378816801,2.149230361
2017,Fons_Documentals,"Biblioteca Sagrada Família",95357,,,02,Eixample,06,"la Sagrada Família","Consorci o fundació amb presència municipal","Biblioteques de Barcelona",Biblioteques,Lletres,41.4055771,2.176118
2017,Fons_Documentals,"Biblioteca Sant Antoni - Joan Oliver",45039,,,02,Eixample,10,"Sant Antoni","Consorci o fundació amb presència municipal","Biblioteques de Barcelona",Biblioteques,Lletres,41.377384776,2.162778079
2017,Fons_Documentals,"Biblioteca Sofia Barat",48059,,,02,Eixample,07,"la Dreta de Eixample","Consorci o fundació amb presència municipal","Biblioteques de Barcelona",Biblioteques,Lletres,41.394674294,2.171504480
2017,Fons_Documentals,"Biblioteca Francesc Candel",67130,,,03,Sants-Montjuïc,13,"la Marina de Port","Consorci o fundació amb presència municipal","Biblioteques de Barcelona",Biblioteques,Lletres,41.361777512,2.136276613
2017,Fons_Documentals,"Biblioteca Poble Sec - Francesc Boix",43037,,,03,Sants-Montjuïc,11,"el Poble-sec","Consorci o fundació amb presència municipal","Biblioteques de Barcelona",Biblioteques,Lletres,41.373921824,2.164025015
2017,Fons_Documentals,"Biblioteca Vapor Vell",101976,,,03,Sants-Montjuïc,18,Sants,"Consorci o fundació amb presència municipal","Biblioteques de Barcelona",Biblioteques,Lletres,41.376897256,2.134733614
2017,Fons_Documentals,"Biblioteca Can Rosés",39617,,,04,"Les Corts",19,"les Corts","Consorci o fundació amb presència municipal","Biblioteques de Barcelona",Biblioteques,Lletres,41.388637762,2.134585602
2017,Fons_Documentals,"Biblioteca Les Corts - Miquel Llongueras",78479,,,04,"Les Corts",20,"la Maternitat i Sant Ramon","Consorci o fundació amb presència municipal","Biblioteques de Barcelona",Biblioteques,Lletres,41.377777960,2.121760828
2017,Fons_Documentals,"Biblioteca Clarà",57356,,,05,"Sarrià-Sant Gervasi",24,"les Tres Torres","Consorci o fundació amb presència municipal","Biblioteques de Barcelona",Biblioteques,Lletres,41.399909399,2.129455802
2017,Fons_Documentals,"Biblioteca Collserola - Josep Miracle",31821,,,05,"Sarrià-Sant Gervasi",22,"Vallvidrera, el Tibidabo i les Planes","Consorci o fundació amb presència municipal","Biblioteques de Barcelona",Biblioteques,Lletres,41.415359022,2.102528700
2017,Fons_Documentals,"Biblioteca Sant Gervasi - Joan Maragall",53152,,,05,"Sarrià-Sant Gervasi",25,"Sant Gervasi - la Bonanova","Consorci o fundació amb presència municipal","Biblioteques de Barcelona",Biblioteques,Lletres,41.4059495,2.136064
2017,Fons_Documentals,"Biblioteca Jaume Fuster",110853,,,06,Gràcia,28,"Vallcarca i els Penitents","Consorci o fundació amb presència municipal","Biblioteques de Barcelona",Biblioteques,Lletres,41.407459888,2.149757498
2017,Fons_Documentals,"Biblioteca Vallcarca i els Penitents",32224,,,06,Gràcia,28,"Vallcarca i els Penitents","Consorci o fundació amb presència municipal","Biblioteques de Barcelona",Biblioteques,Lletres,41.420008234,2.139657303
2017,Fons_Documentals,"Biblioteca Vila de Gràcia",52543,,,06,Gràcia,31,"la Vila de Gràcia","Consorci o fundació amb presència municipal","Biblioteques de Barcelona",Biblioteques,Lletres,41.401467067,2.158213802
2017,Fons_Documentals,"Biblioteca El Carmel - Juan Marsé",99775,,,07,Horta-Guinardó,37,"el Carmel","Consorci o fundació amb presència municipal","Biblioteques de Barcelona",Biblioteques,Lletres,41.421104560,2.155286623
2017,Fons_Documentals,"Biblioteca Guinardó - Mercè Rodoreda",97965,,,07,Horta-Guinardó,33,"el Baix Guinardó","Consorci o fundació amb presència municipal","Biblioteques de Barcelona",Biblioteques,Lletres,41.414313258,2.165318095
2017,Fons_Documentals,"Biblioteca Horta - Can Mariner",56328,,,07,Horta-Guinardó,43,Horta,"Consorci o fundació amb presència municipal","Biblioteques de Barcelona",Biblioteques,Lletres,41.431105502,2.160733590
2017,Fons_Documentals,"Biblioteca Montbau - Albert Pérez Baró",39617,,,07,Horta-Guinardó,40,Montbau,"Consorci o fundació amb presència municipal","Biblioteques de Barcelona",Biblioteques,Lletres,41.429553532,2.142195427
2017,Fons_Documentals,"Biblioteca Canyelles",30872,,,08,"Nou Barris",49,Canyelles,"Consorci o fundació amb presència municipal","Biblioteques de Barcelona",Biblioteques,Lletres,41.443773486,2.164322669
2017,Fons_Documentals,"Biblioteca Les Roquetes",37413,,,08,"Nou Barris",50,"les Roquetes","Consorci o fundació amb presència municipal","Biblioteques de Barcelona",Biblioteques,Lletres,41.445371792,2.177103706
2017,Fons_Documentals,"Biblioteca Nou Barris",94451,,,08,"Nou Barris",48,"la Guineueta","Consorci o fundació amb presència municipal","Biblioteques de Barcelona",Biblioteques,Lletres,41.436813681,2.171212448
2017,Fons_Documentals,"Biblioteca Vilapicina i la Torre Llobeta",43997,,,08,"Nou Barris",44,"Vilapicina i la Torre Llobeta","Consorci o fundació amb presència municipal","Biblioteques de Barcelona",Biblioteques,Lletres,41.426885098,2.176452383
2017,Fons_Documentals,"Biblioteca Zona Nord",48938,,,08,"Nou Barris",54,"Torre Baró","Consorci o fundació amb presència municipal","Biblioteques de Barcelona",Biblioteques,Lletres,41.461237425,2.179875786
2017,Fons_Documentals,"Biblioteca Bon Pastor",51277,,,09,"Sant Andreu",59,"el Bon Pastor","Consorci o fundació amb presència municipal","Biblioteques de Barcelona",Biblioteques,Lletres,41.435164144,2.204659876
2017,Fons_Documentals,"Biblioteca Ignasi Iglésias - Can Fabra",138236,,,09,"Sant Andreu",60,"Sant Andreu","Consorci o fundació amb presència municipal","Biblioteques de Barcelona",Biblioteques,Lletres,41.434481450,2.190871493
2017,Fons_Documentals,"Biblioteca La Sagrera - Marina Clotet",50969,,,09,"Sant Andreu",61,"la Sagrera","Consorci o fundació amb presència municipal","Biblioteques de Barcelona",Biblioteques,Lletres,41.425875519,2.193764263
2017,Fons_Documentals,"Biblioteca Trinitat Vella - J. Barbero",23827,,,09,"Sant Andreu",57,"la Trinitat Vella","Consorci o fundació amb presència municipal","Biblioteques de Barcelona",Biblioteques,Lletres,41.449283144,2.190748711
2017,Fons_Documentals,"Biblioteca Camp de l'Arpa - Caterina Albert",57273,,,10,"Sant Martí",64,"el Camp de l'Arpa del Clot","Consorci o fundació amb presència municipal","Biblioteques de Barcelona",Biblioteques,Lletres,41.415766234,2.182280785
2017,Fons_Documentals,"Biblioteca El Clot - Josep Benet",41341,,,10,"Sant Martí",66,"el Parc i la Llacuna del Poblenou","Consorci o fundació amb presència municipal","Biblioteques de Barcelona",Biblioteques,Lletres,41.4019532,2.188806
2017,Fons_Documentals,"Biblioteca Poblenou - Manuel Arranz",59679,,,10,"Sant Martí",68,"el Poblenou","Consorci o fundació amb presència municipal","Biblioteques de Barcelona",Biblioteques,Lletres,41.401373426,2.204525705
2017,Fons_Documentals,"Biblioteca Ramon d'Alòs-Moner",35234,,,10,"Sant Martí",70,"el Besòs i el Maresme","Consorci o fundació amb presència municipal","Biblioteques de Barcelona",Biblioteques,Lletres,41.416309274,2.211483280
2017,Fons_Documentals,"Biblioteca Sant Martí de Provençals",32516,,,10,"Sant Martí",72,"Sant Martí de Provençals","Consorci o fundació amb presència municipal","Biblioteques de Barcelona",Biblioteques,Lletres,41.416623960,2.198564569
2017,Fons_Documentals,"Biblioteca Xavier Benguerel",131521,,,10,"Sant Martí",67,"la Vila Olímpica del Poblenou","Consorci o fundació amb presència municipal","Biblioteques de Barcelona",Biblioteques,Lletres,41.392407385,2.197710107
2017,Metres_Quadrats,"Biblioteca Barceloneta - La Fraternitat",836,,,01,"Ciutat Vella",03,"la Barceloneta","Consorci o fundació amb presència municipal","Biblioteques de Barcelona",Biblioteques,Lletres,41.379201005,2.188854072
2017,Metres_Quadrats,"Biblioteca Francesca Bonnemaison",1663,,,01,"Ciutat Vella",04,"Sant Pere, Santa Caterina i la Ribera","Consorci o fundació amb presència municipal","Biblioteques de Barcelona",Biblioteques,Lletres,41.386936575,2.175789976
2017,Metres_Quadrats,"Biblioteca Gòtic - Andreu Nin",994,,,01,"Ciutat Vella",02,"el Barri Gòtic","Consorci o fundació amb presència municipal","Biblioteques de Barcelona",Biblioteques,Lletres,41.378730324,2.175978504
2017,Metres_Quadrats,"Biblioteca Sant Pau i Santa Creu",1040,,,01,"Ciutat Vella",01,"el Raval","Consorci o fundació amb presència municipal","Biblioteques de Barcelona",Biblioteques,Lletres,41.381057326,2.169793857
2017,Metres_Quadrats,"Biblioteca Esquerra de l'Eixample-Agustí Centelles",3097,,,02,Eixample,09,"la Nova Esquerra de l'Eixample","Consorci o fundació amb presència municipal","Biblioteques de Barcelona",Biblioteques,Lletres,41.3864488,2.1527896
2017,Metres_Quadrats,"Biblioteca Fort Pienc",1091,,,02,Eixample,05,"el Fort Pienc","Consorci o fundació amb presència municipal","Biblioteques de Barcelona",Biblioteques,Lletres,41.395555185,2.182447586
2017,Metres_Quadrats,"Biblioteca Joan Miró",1072,,,02,Eixample,09,"la Nova Esquerra de l'Eixample","Consorci o fundació amb presència municipal","Biblioteques de Barcelona",Biblioteques,Lletres,41.378816801,2.149230361
2017,Metres_Quadrats,"Biblioteca Sagrada Família",2641,,,02,Eixample,06,"la Sagrada Família","Consorci o fundació amb presència municipal","Biblioteques de Barcelona",Biblioteques,Lletres,41.4055771,2.176118
2017,Metres_Quadrats,"Biblioteca Sant Antoni - Joan Oliver",1480,,,02,Eixample,10,"Sant Antoni","Consorci o fundació amb presència municipal","Biblioteques de Barcelona",Biblioteques,Lletres,41.377384776,2.162778079
2017,Metres_Quadrats,"Biblioteca Sofia Barat",535,,,02,Eixample,07,"la Dreta de Eixample","Consorci o fundació amb presència municipal","Biblioteques de Barcelona",Biblioteques,Lletres,41.394674294,2.171504480
2017,Metres_Quadrats,"Biblioteca Francesc Candel",2091,,,03,Sants-Montjuïc,13,"la Marina de Port","Consorci o fundació amb presència municipal","Biblioteques de Barcelona",Biblioteques,Lletres,41.361777512,2.136276613
2017,Metres_Quadrats,"Biblioteca Poble Sec - Francesc Boix",539,,,03,Sants-Montjuïc,11,"el Poble-sec","Consorci o fundació amb presència municipal","Biblioteques de Barcelona",Biblioteques,Lletres,41.373921824,2.164025015
2017,Metres_Quadrats,"Biblioteca Vapor Vell",2087,,,03,Sants-Montjuïc,18,Sants,"Consorci o fundació amb presència municipal","Biblioteques de Barcelona",Biblioteques,Lletres,41.376897256,2.134733614
2017,Metres_Quadrats,"Biblioteca Can Rosés",770,,,04,"Les Corts",19,"les Corts","Consorci o fundació amb presència municipal","Biblioteques de Barcelona",Biblioteques,Lletres,41.388637762,2.134585602
2017,Metres_Quadrats,"Biblioteca Les Corts - Miquel Llongueras",1442,,,04,"Les Corts",20,"la Maternitat i Sant Ramon","Consorci o fundació amb presència municipal","Biblioteques de Barcelona",Biblioteques,Lletres,41.377777960,2.121760828
2017,Metres_Quadrats,"Biblioteca Clarà",762,,,05,"Sarrià-Sant Gervasi",24,"les Tres Torres","Consorci o fundació amb presència municipal","Biblioteques de Barcelona",Biblioteques,Lletres,41.399909399,2.129455802
2017,Metres_Quadrats,"Biblioteca Collserola - Josep Miracle",468,,,05,"Sarrià-Sant Gervasi",22,"Vallvidrera, el Tibidabo i les Planes","Consorci o fundació amb presència municipal","Biblioteques de Barcelona",Biblioteques,Lletres,41.415359022,2.102528700
2017,Metres_Quadrats,"Biblioteca Sant Gervasi - Joan Maragall",2396,,,05,"Sarrià-Sant Gervasi",25,"Sant Gervasi - la Bonanova","Consorci o fundació amb presència municipal","Biblioteques de Barcelona",Biblioteques,Lletres,41.4059495,2.136064
2017,Metres_Quadrats,"Biblioteca Jaume Fuster",5636,,,06,Gràcia,28,"Vallcarca i els Penitents","Consorci o fundació amb presència municipal","Biblioteques de Barcelona",Biblioteques,Lletres,41.407459888,2.149757498
2017,Metres_Quadrats,"Biblioteca Vallcarca i els Penitents",1225,,,06,Gràcia,28,"Vallcarca i els Penitents","Consorci o fundació amb presència municipal","Biblioteques de Barcelona",Biblioteques,Lletres,41.420008234,2.139657303
2017,Metres_Quadrats,"Biblioteca Vila de Gràcia",1029,,,06,Gràcia,31,"la Vila de Gràcia","Consorci o fundació amb presència municipal","Biblioteques de Barcelona",Biblioteques,Lletres,41.401467067,2.158213802
2017,Metres_Quadrats,"Biblioteca El Carmel - Juan Marsé",2392,,,07,Horta-Guinardó,37,"el Carmel","Consorci o fundació amb presència municipal","Biblioteques de Barcelona",Biblioteques,Lletres,41.421104560,2.155286623
2017,Metres_Quadrats,"Biblioteca Guinardó - Mercè Rodoreda",2060,,,07,Horta-Guinardó,33,"el Baix Guinardó","Consorci o fundació amb presència municipal","Biblioteques de Barcelona",Biblioteques,Lletres,41.414313258,2.165318095
2017,Metres_Quadrats,"Biblioteca Horta - Can Mariner",1702,,,07,Horta-Guinardó,43,Horta,"Consorci o fundació amb presència municipal","Biblioteques de Barcelona",Biblioteques,Lletres,41.431105502,2.160733590
2017,Metres_Quadrats,"Biblioteca Montbau - Albert Pérez Baró",753,,,07,Horta-Guinardó,40,Montbau,"Consorci o fundació amb presència municipal","Biblioteques de Barcelona",Biblioteques,Lletres,41.429553532,2.142195427
2017,Metres_Quadrats,"Biblioteca Canyelles",450,,,08,"Nou Barris",49,Canyelles,"Consorci o fundació amb presència municipal","Biblioteques de Barcelona",Biblioteques,Lletres,41.443773486,2.164322669
2017,Metres_Quadrats,"Biblioteca Les Roquetes",1194,,,08,"Nou Barris",50,"les Roquetes","Consorci o fundació amb presència municipal","Biblioteques de Barcelona",Biblioteques,Lletres,41.445371792,2.177103706
2017,Metres_Quadrats,"Biblioteca Nou Barris",2010,,,08,"Nou Barris",48,"la Guineueta","Consorci o fundació amb presència municipal","Biblioteques de Barcelona",Biblioteques,Lletres,41.436813681,2.171212448
2017,Metres_Quadrats,"Biblioteca Vilapicina i la Torre Llobeta",1400,,,08,"Nou Barris",44,"Vilapicina i la Torre Llobeta","Consorci o fundació amb presència municipal","Biblioteques de Barcelona",Biblioteques,Lletres,41.426885098,2.176452383
2017,Metres_Quadrats,"Biblioteca Zona Nord",1462,,,08,"Nou Barris",54,"Torre Baró","Consorci o fundació amb presència municipal","Biblioteques de Barcelona",Biblioteques,Lletres,41.461237425,2.179875786
2017,Metres_Quadrats,"Biblioteca Bon Pastor",1574,,,09,"Sant Andreu",59,"el Bon Pastor","Consorci o fundació amb presència municipal","Biblioteques de Barcelona",Biblioteques,Lletres,41.435164144,2.204659876
2017,Metres_Quadrats,"Biblioteca Ignasi Iglésias - Can Fabra",3446,,,09,"Sant Andreu",60,"Sant Andreu","Consorci o fundació amb presència municipal","Biblioteques de Barcelona",Biblioteques,Lletres,41.434481450,2.190871493
2017,Metres_Quadrats,"Biblioteca La Sagrera - Marina Clotet",2212,,,09,"Sant Andreu",61,"la Sagrera","Consorci o fundació amb presència municipal","Biblioteques de Barcelona",Biblioteques,Lletres,41.425875519,2.193764263
2017,Metres_Quadrats,"Biblioteca Trinitat Vella - J. Barbero",1297,,,09,"Sant Andreu",57,"la Trinitat Vella","Consorci o fundació amb presència municipal","Biblioteques de Barcelona",Biblioteques,Lletres,41.449283144,2.190748711
2017,Metres_Quadrats,"Biblioteca Camp de l'Arpa - Caterina Albert",2489,,,10,"Sant Martí",64,"el Camp de l'Arpa del Clot","Consorci o fundació amb presència municipal","Biblioteques de Barcelona",Biblioteques,Lletres,41.415766234,2.182280785
2017,Metres_Quadrats,"Biblioteca El Clot - Josep Benet",1732,,,10,"Sant Martí",66,"el Parc i la Llacuna del Poblenou","Consorci o fundació amb presència municipal","Biblioteques de Barcelona",Biblioteques,Lletres,41.4019532,2.188806
2017,Metres_Quadrats,"Biblioteca Poblenou - Manuel Arranz",1550,,,10,"Sant Martí",68,"el Poblenou","Consorci o fundació amb presència municipal","Biblioteques de Barcelona",Biblioteques,Lletres,41.401373426,2.204525705
2017,Metres_Quadrats,"Biblioteca Ramon d'Alòs-Moner",380,,,10,"Sant Martí",70,"el Besòs i el Maresme","Consorci o fundació amb presència municipal","Biblioteques de Barcelona",Biblioteques,Lletres,41.416309274,2.211483280
2017,Metres_Quadrats,"Biblioteca Sant Martí de Provençals",280,,,10,"Sant Martí",72,"Sant Martí de Provençals","Consorci o fundació amb presència municipal","Biblioteques de Barcelona",Biblioteques,Lletres,41.416623960,2.198564569
2017,Metres_Quadrats,"Biblioteca Xavier Benguerel",1960,,,10,"Sant Martí",67,"la Vila Olímpica del Poblenou","Consorci o fundació amb presència municipal","Biblioteques de Barcelona",Biblioteques,Lletres,41.392407385,2.197710107
2017,Nombre_Activitats,"Biblioteca Barceloneta - La Fraternitat",27,,,01,"Ciutat Vella",03,"la Barceloneta","Consorci o fundació amb presència municipal","Biblioteques de Barcelona",Biblioteques,Lletres,41.379201005,2.188854072
2017,Nombre_Activitats,"Biblioteca Francesca Bonnemaison",99,,,01,"Ciutat Vella",04,"Sant Pere, Santa Caterina i la Ribera","Consorci o fundació amb presència municipal","Biblioteques de Barcelona",Biblioteques,Lletres,41.386936575,2.175789976
2017,Nombre_Activitats,"Biblioteca Gòtic - Andreu Nin",51,,,01,"Ciutat Vella",02,"el Barri Gòtic","Consorci o fundació amb presència municipal","Biblioteques de Barcelona",Biblioteques,Lletres,41.378730324,2.175978504
2017,Nombre_Activitats,"Biblioteca Sant Pau i Santa Creu",55,,,01,"Ciutat Vella",01,"el Raval","Consorci o fundació amb presència municipal","Biblioteques de Barcelona",Biblioteques,Lletres,41.381057326,2.169793857
2017,Nombre_Activitats,"Biblioteca Esquerra de l'Eixample-Agustí Centelles",80,,,02,Eixample,09,"la Nova Esquerra de l'Eixample","Consorci o fundació amb presència municipal","Biblioteques de Barcelona",Biblioteques,Lletres,41.3864488,2.1527896
2017,Nombre_Activitats,"Biblioteca Fort Pienc",40,,,02,Eixample,05,"el Fort Pienc","Consorci o fundació amb presència municipal","Biblioteques de Barcelona",Biblioteques,Lletres,41.395555185,2.182447586
2017,Nombre_Activitats,"Biblioteca Joan Miró",23,,,02,Eixample,09,"la Nova Esquerra de l'Eixample","Consorci o fundació amb presència municipal","Biblioteques de Barcelona",Biblioteques,Lletres,41.378816801,2.149230361
2017,Nombre_Activitats,"Biblioteca Sagrada Família",91,,,02,Eixample,06,"la Sagrada Família","Consorci o fundació amb presència municipal","Biblioteques de Barcelona",Biblioteques,Lletres,41.4055771,2.176118
2017,Nombre_Activitats,"Biblioteca Sant Antoni - Joan Oliver",46,,,02,Eixample,10,"Sant Antoni","Consorci o fundació amb presència municipal","Biblioteques de Barcelona",Biblioteques,Lletres,41.377384776,2.162778079
2017,Nombre_Activitats,"Biblioteca Sofia Barat",40,,,02,Eixample,07,"la Dreta de Eixample","Consorci o fundació amb presència municipal","Biblioteques de Barcelona",Biblioteques,Lletres,41.394674294,2.171504480
2017,Nombre_Activitats,"Biblioteca Francesc Candel",52,,,03,Sants-Montjuïc,13,"la Marina de Port","Consorci o fundació amb presència municipal","Biblioteques de Barcelona",Biblioteques,Lletres,41.361777512,2.136276613
2017,Nombre_Activitats,"Biblioteca Poble Sec - Francesc Boix",54,,,03,Sants-Montjuïc,11,"el Poble-sec","Consorci o fundació amb presència municipal","Biblioteques de Barcelona",Biblioteques,Lletres,41.373921824,2.164025015
2017,Nombre_Activitats,"Biblioteca Vapor Vell",109,,,03,Sants-Montjuïc,18,Sants,"Consorci o fundació amb presència municipal","Biblioteques de Barcelona",Biblioteques,Lletres,41.376897256,2.134733614
2017,Nombre_Activitats,"Biblioteca Can Rosés",27,,,04,"Les Corts",19,"les Corts","Consorci o fundació amb presència municipal","Biblioteques de Barcelona",Biblioteques,Lletres,41.388637762,2.134585602
2017,Nombre_Activitats,"Biblioteca Les Corts - Miquel Llongueras",77,,,04,"Les Corts",20,"la Maternitat i Sant Ramon","Consorci o fundació amb presència municipal","Biblioteques de Barcelona",Biblioteques,Lletres,41.377777960,2.121760828
2017,Nombre_Activitats,"Biblioteca Clarà",62,,,05,"Sarrià-Sant Gervasi",24,"les Tres Torres","Consorci o fundació amb presència municipal","Biblioteques de Barcelona",Biblioteques,Lletres,41.399909399,2.129455802
2017,Nombre_Activitats,"Biblioteca Collserola - Josep Miracle",43,,,05,"Sarrià-Sant Gervasi",22,"Vallvidrera, el Tibidabo i les Planes","Consorci o fundació amb presència municipal","Biblioteques de Barcelona",Biblioteques,Lletres,41.415359022,2.102528700
2017,Nombre_Activitats,"Biblioteca Sant Gervasi - Joan Maragall",107,,,05,"Sarrià-Sant Gervasi",25,"Sant Gervasi - la Bonanova","Consorci o fundació amb presència municipal","Biblioteques de Barcelona",Biblioteques,Lletres,41.4059495,2.136064
2017,Nombre_Activitats,"Biblioteca Jaume Fuster",90,,,06,Gràcia,28,"Vallcarca i els Penitents","Consorci o fundació amb presència municipal","Biblioteques de Barcelona",Biblioteques,Lletres,41.407459888,2.149757498
2017,Nombre_Activitats,"Biblioteca Vallcarca i els Penitents",92,,,06,Gràcia,28,"Vallcarca i els Penitents","Consorci o fundació amb presència municipal","Biblioteques de Barcelona",Biblioteques,Lletres,41.420008234,2.139657303
2017,Nombre_Activitats,"Biblioteca Vila de Gràcia",86,,,06,Gràcia,31,"la Vila de Gràcia","Consorci o fundació amb presència municipal","Biblioteques de Barcelona",Biblioteques,Lletres,41.401467067,2.158213802
2017,Nombre_Activitats,"Biblioteca El Carmel - Juan Marsé",92,,,07,Horta-Guinardó,37,"el Carmel","Consorci o fundació amb presència municipal","Biblioteques de Barcelona",Biblioteques,Lletres,41.421104560,2.155286623
2017,Nombre_Activitats,"Biblioteca Guinardó - Mercè Rodoreda",83,,,07,Horta-Guinardó,33,"el Baix Guinardó","Consorci o fundació amb presència municipal","Biblioteques de Barcelona",Biblioteques,Lletres,41.414313258,2.165318095
2017,Nombre_Activitats,"Biblioteca Horta - Can Mariner",47,,,07,Horta-Guinardó,43,Horta,"Consorci o fundació amb presència municipal","Biblioteques de Barcelona",Biblioteques,Lletres,41.431105502,2.160733590
2017,Nombre_Activitats,"Biblioteca Montbau - Albert Pérez Baró",26,,,07,Horta-Guinardó,40,Montbau,"Consorci o fundació amb presència municipal","Biblioteques de Barcelona",Biblioteques,Lletres,41.429553532,2.142195427
2017,Nombre_Activitats,"Biblioteca Canyelles",18,,,08,"Nou Barris",49,Canyelles,"Consorci o fundació amb presència municipal","Biblioteques de Barcelona",Biblioteques,Lletres,41.443773486,2.164322669
2017,Nombre_Activitats,"Biblioteca Les Roquetes",66,,,08,"Nou Barris",50,"les Roquetes","Consorci o fundació amb presència municipal","Biblioteques de Barcelona",Biblioteques,Lletres,41.445371792,2.177103706
2017,Nombre_Activitats,"Biblioteca Nou Barris",68,,,08,"Nou Barris",48,"la Guineueta","Consorci o fundació amb presència municipal","Biblioteques de Barcelona",Biblioteques,Lletres,41.436813681,2.171212448
2017,Nombre_Activitats,"Biblioteca Vilapicina i la Torre Llobeta",44,,,08,"Nou Barris",44,"Vilapicina i la Torre Llobeta","Consorci o fundació amb presència municipal","Biblioteques de Barcelona",Biblioteques,Lletres,41.426885098,2.176452383
2017,Nombre_Activitats,"Biblioteca Zona Nord",113,,,08,"Nou Barris",54,"Torre Baró","Consorci o fundació amb presència municipal","Biblioteques de Barcelona",Biblioteques,Lletres,41.461237425,2.179875786
2017,Nombre_Activitats,"Biblioteca Bon Pastor",228,,,09,"Sant Andreu",59,"el Bon Pastor","Consorci o fundació amb presència municipal","Biblioteques de Barcelona",Biblioteques,Lletres,41.435164144,2.204659876
2017,Nombre_Activitats,"Biblioteca Ignasi Iglésias - Can Fabra",250,,,09,"Sant Andreu",60,"Sant Andreu","Consorci o fundació amb presència municipal","Biblioteques de Barcelona",Biblioteques,Lletres,41.434481450,2.190871493
2017,Nombre_Activitats,"Biblioteca La Sagrera - Marina Clotet",217,,,09,"Sant Andreu",61,"la Sagrera","Consorci o fundació amb presència municipal","Biblioteques de Barcelona",Biblioteques,Lletres,41.425875519,2.193764263
2017,Nombre_Activitats,"Biblioteca Trinitat Vella - J. Barbero",93,,,09,"Sant Andreu",57,"la Trinitat Vella","Consorci o fundació amb presència municipal","Biblioteques de Barcelona",Biblioteques,Lletres,41.449283144,2.190748711
2017,Nombre_Activitats,"Biblioteca Camp de l'Arpa - Caterina Albert",56,,,10,"Sant Martí",64,"el Camp de l'Arpa del Clot","Consorci o fundació amb presència municipal","Biblioteques de Barcelona",Biblioteques,Lletres,41.415766234,2.182280785
2017,Nombre_Activitats,"Biblioteca El Clot - Josep Benet",81,,,10,"Sant Martí",66,"el Parc i la Llacuna del Poblenou","Consorci o fundació amb presència municipal","Biblioteques de Barcelona",Biblioteques,Lletres,41.4019532,2.188806
2017,Nombre_Activitats,"Biblioteca Poblenou - Manuel Arranz",55,,,10,"Sant Martí",68,"el Poblenou","Consorci o fundació amb presència municipal","Biblioteques de Barcelona",Biblioteques,Lletres,41.401373426,2.204525705
2017,Nombre_Activitats,"Biblioteca Ramon d'Alòs-Moner",33,,,10,"Sant Martí",70,"el Besòs i el Maresme","Consorci o fundació amb presència municipal","Biblioteques de Barcelona",Biblioteques,Lletres,41.416309274,2.211483280
2017,Nombre_Activitats,"Biblioteca Sant Martí de Provençals",17,,,10,"Sant Martí",72,"Sant Martí de Provençals","Consorci o fundació amb presència municipal","Biblioteques de Barcelona",Biblioteques,Lletres,41.416623960,2.198564569
2017,Nombre_Activitats,"Biblioteca Xavier Benguerel",74,,,10,"Sant Martí",67,"la Vila Olímpica del Poblenou","Consorci o fundació amb presència municipal","Biblioteques de Barcelona",Biblioteques,Lletres,41.392407385,2.197710107
2017,Nombre_Visites_Escolars,"Biblioteca Barceloneta - La Fraternitat",44,,,01,"Ciutat Vella",03,"la Barceloneta","Consorci o fundació amb presència municipal","Biblioteques de Barcelona",Biblioteques,Lletres,41.379201005,2.188854072
2017,Nombre_Visites_Escolars,"Biblioteca Francesca Bonnemaison",24,,,01,"Ciutat Vella",04,"Sant Pere, Santa Caterina i la Ribera","Consorci o fundació amb presència municipal","Biblioteques de Barcelona",Biblioteques,Lletres,41.386936575,2.175789976
2017,Nombre_Visites_Escolars,"Biblioteca Gòtic - Andreu Nin",59,,,01,"Ciutat Vella",02,"el Barri Gòtic","Consorci o fundació amb presència municipal","Biblioteques de Barcelona",Biblioteques,Lletres,41.378730324,2.175978504
2017,Nombre_Visites_Escolars,"Biblioteca Sant Pau i Santa Creu",50,,,01,"Ciutat Vella",01,"el Raval","Consorci o fundació amb presència municipal","Biblioteques de Barcelona",Biblioteques,Lletres,41.381057326,2.169793857
2017,Nombre_Visites_Escolars,"Biblioteca Esquerra de l'Eixample-Agustí Centelles",41,,,02,Eixample,09,"la Nova Esquerra de l'Eixample","Consorci o fundació amb presència municipal","Biblioteques de Barcelona",Biblioteques,Lletres,41.3864488,2.1527896
2017,Nombre_Visites_Escolars,"Biblioteca Fort Pienc",117,,,02,Eixample,05,"el Fort Pienc","Consorci o fundació amb presència municipal","Biblioteques de Barcelona",Biblioteques,Lletres,41.395555185,2.182447586
2017,Nombre_Visites_Escolars,"Biblioteca Joan Miró",19,,,02,Eixample,09,"la Nova Esquerra de l'Eixample","Consorci o fundació amb presència municipal","Biblioteques de Barcelona",Biblioteques,Lletres,41.378816801,2.149230361
2017,Nombre_Visites_Escolars,"Biblioteca Sagrada Família",67,,,02,Eixample,06,"la Sagrada Família","Consorci o fundació amb presència municipal","Biblioteques de Barcelona",Biblioteques,Lletres,41.4055771,2.176118
2017,Nombre_Visites_Escolars,"Biblioteca Sant Antoni - Joan Oliver",82,,,02,Eixample,10,"Sant Antoni","Consorci o fundació amb presència municipal","Biblioteques de Barcelona",Biblioteques,Lletres,41.377384776,2.162778079
2017,Nombre_Visites_Escolars,"Biblioteca Sofia Barat",52,,,02,Eixample,07,"la Dreta de Eixample","Consorci o fundació amb presència municipal","Biblioteques de Barcelona",Biblioteques,Lletres,41.394674294,2.171504480
2017,Nombre_Visites_Escolars,"Biblioteca Francesc Candel",68,,,03,Sants-Montjuïc,13,"la Marina de Port","Consorci o fundació amb presència municipal","Biblioteques de Barcelona",Biblioteques,Lletres,41.361777512,2.136276613
2017,Nombre_Visites_Escolars,"Biblioteca Poble Sec - Francesc Boix",29,,,03,Sants-Montjuïc,11,"el Poble-sec","Consorci o fundació amb presència municipal","Biblioteques de Barcelona",Biblioteques,Lletres,41.373921824,2.164025015
2017,Nombre_Visites_Escolars,"Biblioteca Vapor Vell",23,,,03,Sants-Montjuïc,18,Sants,"Consorci o fundació amb presència municipal","Biblioteques de Barcelona",Biblioteques,Lletres,41.376897256,2.134733614
2017,Nombre_Visites_Escolars,"Biblioteca Can Rosés",0,,,04,"Les Corts",19,"les Corts","Consorci o fundació amb presència municipal","Biblioteques de Barcelona",Biblioteques,Lletres,41.388637762,2.134585602
2017,Nombre_Visites_Escolars,"Biblioteca Les Corts - Miquel Llongueras",44,,,04,"Les Corts",20,"la Maternitat i Sant Ramon","Consorci o fundació amb presència municipal","Biblioteques de Barcelona",Biblioteques,Lletres,41.377777960,2.121760828
2017,Nombre_Visites_Escolars,"Biblioteca Clarà",31,,,05,"Sarrià-Sant Gervasi",24,"les Tres Torres","Consorci o fundació amb presència municipal","Biblioteques de Barcelona",Biblioteques,Lletres,41.399909399,2.129455802
2017,Nombre_Visites_Escolars,"Biblioteca Collserola - Josep Miracle",14,,,05,"Sarrià-Sant Gervasi",22,"Vallvidrera, el Tibidabo i les Planes","Consorci o fundació amb presència municipal","Biblioteques de Barcelona",Biblioteques,Lletres,41.415359022,2.102528700
2017,Nombre_Visites_Escolars,"Biblioteca Sant Gervasi - Joan Maragall",57,,,05,"Sarrià-Sant Gervasi",25,"Sant Gervasi - la Bonanova","Consorci o fundació amb presència municipal","Biblioteques de Barcelona",Biblioteques,Lletres,41.4059495,2.136064
2017,Nombre_Visites_Escolars,"Biblioteca Jaume Fuster",105,,,06,Gràcia,28,"Vallcarca i els Penitents","Consorci o fundació amb presència municipal","Biblioteques de Barcelona",Biblioteques,Lletres,41.407459888,2.149757498
2017,Nombre_Visites_Escolars,"Biblioteca Vallcarca i els Penitents",33,,,06,Gràcia,28,"Vallcarca i els Penitents","Consorci o fundació amb presència municipal","Biblioteques de Barcelona",Biblioteques,Lletres,41.420008234,2.139657303
2017,Nombre_Visites_Escolars,"Biblioteca Vila de Gràcia",20,,,06,Gràcia,31,"la Vila de Gràcia","Consorci o fundació amb presència municipal","Biblioteques de Barcelona",Biblioteques,Lletres,41.401467067,2.158213802
2017,Nombre_Visites_Escolars,"Biblioteca El Carmel - Juan Marsé",61,,,07,Horta-Guinardó,37,"el Carmel","Consorci o fundació amb presència municipal","Biblioteques de Barcelona",Biblioteques,Lletres,41.421104560,2.155286623
2017,Nombre_Visites_Escolars,"Biblioteca Guinardó - Mercè Rodoreda",25,,,07,Horta-Guinardó,33,"el Baix Guinardó","Consorci o fundació amb presència municipal","Biblioteques de Barcelona",Biblioteques,Lletres,41.414313258,2.165318095
2017,Nombre_Visites_Escolars,"Biblioteca Horta - Can Mariner",22,,,07,Horta-Guinardó,43,Horta,"Consorci o fundació amb presència municipal","Biblioteques de Barcelona",Biblioteques,Lletres,41.431105502,2.160733590
2017,Nombre_Visites_Escolars,"Biblioteca Montbau - Albert Pérez Baró",13,,,07,Horta-Guinardó,40,Montbau,"Consorci o fundació amb presència municipal","Biblioteques de Barcelona",Biblioteques,Lletres,41.429553532,2.142195427
2017,Nombre_Visites_Escolars,"Biblioteca Canyelles",16,,,08,"Nou Barris",49,Canyelles,"Consorci o fundació amb presència municipal","Biblioteques de Barcelona",Biblioteques,Lletres,41.443773486,2.164322669
2017,Nombre_Visites_Escolars,"Biblioteca Les Roquetes",42,,,08,"Nou Barris",50,"les Roquetes","Consorci o fundació amb presència municipal","Biblioteques de Barcelona",Biblioteques,Lletres,41.445371792,2.177103706
2017,Nombre_Visites_Escolars,"Biblioteca Nou Barris",66,,,08,"Nou Barris",48,"la Guineueta","Consorci o fundació amb presència municipal","Biblioteques de Barcelona",Biblioteques,Lletres,41.436813681,2.171212448
2017,Nombre_Visites_Escolars,"Biblioteca Vilapicina i la Torre Llobeta",37,,,08,"Nou Barris",44,"Vilapicina i la Torre Llobeta","Consorci o fundació amb presència municipal","Biblioteques de Barcelona",Biblioteques,Lletres,41.426885098,2.176452383
2017,Nombre_Visites_Escolars,"Biblioteca Zona Nord",86,,,08,"Nou Barris",54,"Torre Baró","Consorci o fundació amb presència municipal","Biblioteques de Barcelona",Biblioteques,Lletres,41.461237425,2.179875786
2017,Nombre_Visites_Escolars,"Biblioteca Bon Pastor",156,,,09,"Sant Andreu",59,"el Bon Pastor","Consorci o fundació amb presència municipal","Biblioteques de Barcelona",Biblioteques,Lletres,41.435164144,2.204659876
2017,Nombre_Visites_Escolars,"Biblioteca Ignasi Iglésias - Can Fabra",170,,,09,"Sant Andreu",60,"Sant Andreu","Consorci o fundació amb presència municipal","Biblioteques de Barcelona",Biblioteques,Lletres,41.434481450,2.190871493
2017,Nombre_Visites_Escolars,"Biblioteca La Sagrera - Marina Clotet",64,,,09,"Sant Andreu",61,"la Sagrera","Consorci o fundació amb presència municipal","Biblioteques de Barcelona",Biblioteques,Lletres,41.425875519,2.193764263
2017,Nombre_Visites_Escolars,"Biblioteca Trinitat Vella - J. Barbero",21,,,09,"Sant Andreu",57,"la Trinitat Vella","Consorci o fundació amb presència municipal","Biblioteques de Barcelona",Biblioteques,Lletres,41.449283144,2.190748711
2017,Nombre_Visites_Escolars,"Biblioteca Camp de l'Arpa - Caterina Albert",35,,,10,"Sant Martí",64,"el Camp de l'Arpa del Clot","Consorci o fundació amb presència municipal","Biblioteques de Barcelona",Biblioteques,Lletres,41.415766234,2.182280785
2017,Nombre_Visites_Escolars,"Biblioteca El Clot - Josep Benet",50,,,10,"Sant Martí",66,"el Parc i la Llacuna del Poblenou","Consorci o fundació amb presència municipal","Biblioteques de Barcelona",Biblioteques,Lletres,41.4019532,2.188806
2017,Nombre_Visites_Escolars,"Biblioteca Poblenou - Manuel Arranz",56,,,10,"Sant Martí",68,"el Poblenou","Consorci o fundació amb presència municipal","Biblioteques de Barcelona",Biblioteques,Lletres,41.401373426,2.204525705
2017,Nombre_Visites_Escolars,"Biblioteca Ramon d'Alòs-Moner",57,,,10,"Sant Martí",70,"el Besòs i el Maresme","Consorci o fundació amb presència municipal","Biblioteques de Barcelona",Biblioteques,Lletres,41.416309274,2.211483280
2017,Nombre_Visites_Escolars,"Biblioteca Sant Martí de Provençals",37,,,10,"Sant Martí",72,"Sant Martí de Provençals","Consorci o fundació amb presència municipal","Biblioteques de Barcelona",Biblioteques,Lletres,41.416623960,2.198564569
2017,Nombre_Visites_Escolars,"Biblioteca Xavier Benguerel",102,,,10,"Sant Martí",67,"la Vila Olímpica del Poblenou","Consorci o fundació amb presència municipal","Biblioteques de Barcelona",Biblioteques,Lletres,41.392407385,2.197710107
2017,Prestecs,"Biblioteca Barceloneta - La Fraternitat",48376,,,01,"Ciutat Vella",03,"la Barceloneta","Consorci o fundació amb presència municipal","Biblioteques de Barcelona",Biblioteques,Lletres,41.379201005,2.188854072
2017,Prestecs,"Biblioteca Francesca Bonnemaison",115694,,,01,"Ciutat Vella",04,"Sant Pere, Santa Caterina i la Ribera","Consorci o fundació amb presència municipal","Biblioteques de Barcelona",Biblioteques,Lletres,41.386936575,2.175789976
2017,Prestecs,"Biblioteca Gòtic - Andreu Nin",48526,,,01,"Ciutat Vella",02,"el Barri Gòtic","Consorci o fundació amb presència municipal","Biblioteques de Barcelona",Biblioteques,Lletres,41.378730324,2.175978504
2017,Prestecs,"Biblioteca Sant Pau i Santa Creu",83399,,,01,"Ciutat Vella",01,"el Raval","Consorci o fundació amb presència municipal","Biblioteques de Barcelona",Biblioteques,Lletres,41.381057326,2.169793857
2017,Prestecs,"Biblioteca Esquerra de l'Eixample-Agustí Centelles",202381,,,02,Eixample,09,"la Nova Esquerra de l'Eixample","Consorci o fundació amb presència municipal","Biblioteques de Barcelona",Biblioteques,Lletres,41.3864488,2.1527896
2017,Prestecs,"Biblioteca Fort Pienc",84757,,,02,Eixample,05,"el Fort Pienc","Consorci o fundació amb presència municipal","Biblioteques de Barcelona",Biblioteques,Lletres,41.395555185,2.182447586
2017,Prestecs,"Biblioteca Joan Miró",81750,,,02,Eixample,09,"la Nova Esquerra de l'Eixample","Consorci o fundació amb presència municipal","Biblioteques de Barcelona",Biblioteques,Lletres,41.378816801,2.149230361
2017,Prestecs,"Biblioteca Sagrada Família",237532,,,02,Eixample,06,"la Sagrada Família","Consorci o fundació amb presència municipal","Biblioteques de Barcelona",Biblioteques,Lletres,41.4055771,2.176118
2017,Prestecs,"Biblioteca Sant Antoni - Joan Oliver",85003,,,02,Eixample,10,"Sant Antoni","Consorci o fundació amb presència municipal","Biblioteques de Barcelona",Biblioteques,Lletres,41.377384776,2.162778079
2017,Prestecs,"Biblioteca Sofia Barat",58534,,,02,Eixample,07,"la Dreta de Eixample","Consorci o fundació amb presència municipal","Biblioteques de Barcelona",Biblioteques,Lletres,41.394674294,2.171504480
2017,Prestecs,"Biblioteca Francesc Candel",83479,,,03,Sants-Montjuïc,13,"la Marina de Port","Consorci o fundació amb presència municipal","Biblioteques de Barcelona",Biblioteques,Lletres,41.361777512,2.136276613
2017,Prestecs,"Biblioteca Poble Sec - Francesc Boix",57646,,,03,Sants-Montjuïc,11,"el Poble-sec","Consorci o fundació amb presència municipal","Biblioteques de Barcelona",Biblioteques,Lletres,41.373921824,2.164025015
2017,Prestecs,"Biblioteca Vapor Vell",162859,,,03,Sants-Montjuïc,18,Sants,"Consorci o fundació amb presència municipal","Biblioteques de Barcelona",Biblioteques,Lletres,41.376897256,2.134733614
2017,Prestecs,"Biblioteca Can Rosés",17517,,,04,"Les Corts",19,"les Corts","Consorci o fundació amb presència municipal","Biblioteques de Barcelona",Biblioteques,Lletres,41.388637762,2.134585602
2017,Prestecs,"Biblioteca Les Corts - Miquel Llongueras",93288,,,04,"Les Corts",20,"la Maternitat i Sant Ramon","Consorci o fundació amb presència municipal","Biblioteques de Barcelona",Biblioteques,Lletres,41.377777960,2.121760828
2017,Prestecs,"Biblioteca Clarà",61953,,,05,"Sarrià-Sant Gervasi",24,"les Tres Torres","Consorci o fundació amb presència municipal","Biblioteques de Barcelona",Biblioteques,Lletres,41.399909399,2.129455802
2017,Prestecs,"Biblioteca Collserola - Josep Miracle",23946,,,05,"Sarrià-Sant Gervasi",22,"Vallvidrera, el Tibidabo i les Planes","Consorci o fundació amb presència municipal","Biblioteques de Barcelona",Biblioteques,Lletres,41.415359022,2.102528700
2017,Prestecs,"Biblioteca Sant Gervasi - Joan Maragall",107705,,,05,"Sarrià-Sant Gervasi",25,"Sant Gervasi - la Bonanova","Consorci o fundació amb presència municipal","Biblioteques de Barcelona",Biblioteques,Lletres,41.4059495,2.136064
2017,Prestecs,"Biblioteca Jaume Fuster",257649,,,06,Gràcia,28,"Vallcarca i els Penitents","Consorci o fundació amb presència municipal","Biblioteques de Barcelona",Biblioteques,Lletres,41.407459888,2.149757498
2017,Prestecs,"Biblioteca Vallcarca i els Penitents",37034,,,06,Gràcia,28,"Vallcarca i els Penitents","Consorci o fundació amb presència municipal","Biblioteques de Barcelona",Biblioteques,Lletres,41.420008234,2.139657303
2017,Prestecs,"Biblioteca Vila de Gràcia",106345,,,06,Gràcia,31,"la Vila de Gràcia","Consorci o fundació amb presència municipal","Biblioteques de Barcelona",Biblioteques,Lletres,41.401467067,2.158213802
2017,Prestecs,"Biblioteca El Carmel - Juan Marsé",83351,,,07,Horta-Guinardó,37,"el Carmel","Consorci o fundació amb presència municipal","Biblioteques de Barcelona",Biblioteques,Lletres,41.421104560,2.155286623
2017,Prestecs,"Biblioteca Guinardó - Mercè Rodoreda",130777,,,07,Horta-Guinardó,33,"el Baix Guinardó","Consorci o fundació amb presència municipal","Biblioteques de Barcelona",Biblioteques,Lletres,41.414313258,2.165318095
2017,Prestecs,"Biblioteca Horta - Can Mariner",92400,,,07,Horta-Guinardó,43,Horta,"Consorci o fundació amb presència municipal","Biblioteques de Barcelona",Biblioteques,Lletres,41.431105502,2.160733590
2017,Prestecs,"Biblioteca Montbau - Albert Pérez Baró",33886,,,07,Horta-Guinardó,40,Montbau,"Consorci o fundació amb presència municipal","Biblioteques de Barcelona",Biblioteques,Lletres,41.429553532,2.142195427
2017,Prestecs,"Biblioteca Canyelles",10460,,,08,"Nou Barris",49,Canyelles,"Consorci o fundació amb presència municipal","Biblioteques de Barcelona",Biblioteques,Lletres,41.443773486,2.164322669
2017,Prestecs,"Biblioteca Les Roquetes",35608,,,08,"Nou Barris",50,"les Roquetes","Consorci o fundació amb presència municipal","Biblioteques de Barcelona",Biblioteques,Lletres,41.445371792,2.177103706
2017,Prestecs,"Biblioteca Nou Barris",118476,,,08,"Nou Barris",48,"la Guineueta","Consorci o fundació amb presència municipal","Biblioteques de Barcelona",Biblioteques,Lletres,41.436813681,2.171212448
2017,Prestecs,"Biblioteca Vilapicina i la Torre Llobeta",91274,,,08,"Nou Barris",44,"Vilapicina i la Torre Llobeta","Consorci o fundació amb presència municipal","Biblioteques de Barcelona",Biblioteques,Lletres,41.426885098,2.176452383
2017,Prestecs,"Biblioteca Zona Nord",32946,,,08,"Nou Barris",54,"Torre Baró","Consorci o fundació amb presència municipal","Biblioteques de Barcelona",Biblioteques,Lletres,41.461237425,2.179875786
2017,Prestecs,"Biblioteca Bon Pastor",33673,,,09,"Sant Andreu",59,"el Bon Pastor","Consorci o fundació amb presència municipal","Biblioteques de Barcelona",Biblioteques,Lletres,41.435164144,2.204659876
2017,Prestecs,"Biblioteca Ignasi Iglésias - Can Fabra",230415,,,09,"Sant Andreu",60,"Sant Andreu","Consorci o fundació amb presència municipal","Biblioteques de Barcelona",Biblioteques,Lletres,41.434481450,2.190871493
2017,Prestecs,"Biblioteca La Sagrera - Marina Clotet",62393,,,09,"Sant Andreu",61,"la Sagrera","Consorci o fundació amb presència municipal","Biblioteques de Barcelona",Biblioteques,Lletres,41.425875519,2.193764263
2017,Prestecs,"Biblioteca Trinitat Vella - J. Barbero",19350,,,09,"Sant Andreu",57,"la Trinitat Vella","Consorci o fundació amb presència municipal","Biblioteques de Barcelona",Biblioteques,Lletres,41.449283144,2.190748711
2017,Prestecs,"Biblioteca Camp de l'Arpa - Caterina Albert",116224,,,10,"Sant Martí",64,"el Camp de l'Arpa del Clot","Consorci o fundació amb presència municipal","Biblioteques de Barcelona",Biblioteques,Lletres,41.415766234,2.182280785
2017,Prestecs,"Biblioteca El Clot - Josep Benet",87887,,,10,"Sant Martí",66,"el Parc i la Llacuna del Poblenou","Consorci o fundació amb presència municipal","Biblioteques de Barcelona",Biblioteques,Lletres,41.4019532,2.188806
2017,Prestecs,"Biblioteca Poblenou - Manuel Arranz",121070,,,10,"Sant Martí",68,"el Poblenou","Consorci o fundació amb presència municipal","Biblioteques de Barcelona",Biblioteques,Lletres,41.401373426,2.204525705
2017,Prestecs,"Biblioteca Ramon d'Alòs-Moner",26494,,,10,"Sant Martí",70,"el Besòs i el Maresme","Consorci o fundació amb presència municipal","Biblioteques de Barcelona",Biblioteques,Lletres,41.416309274,2.211483280
2017,Prestecs,"Biblioteca Sant Martí de Provençals",40911,,,10,"Sant Martí",72,"Sant Martí de Provençals","Consorci o fundació amb presència municipal","Biblioteques de Barcelona",Biblioteques,Lletres,41.416623960,2.198564569
2017,Prestecs,"Biblioteca Xavier Benguerel",110308,,,10,"Sant Martí",67,"la Vila Olímpica del Poblenou","Consorci o fundació amb presència municipal","Biblioteques de Barcelona",Biblioteques,Lletres,41.392407385,2.197710107
2017,Usos_Ordinadors_i_Wifis,"Biblioteca Barceloneta - La Fraternitat",17753,,,01,"Ciutat Vella",03,"la Barceloneta","Consorci o fundació amb presència municipal","Biblioteques de Barcelona",Biblioteques,Lletres,41.379201005,2.188854072
2017,Usos_Ordinadors_i_Wifis,"Biblioteca Francesca Bonnemaison",32675,,,01,"Ciutat Vella",04,"Sant Pere, Santa Caterina i la Ribera","Consorci o fundació amb presència municipal","Biblioteques de Barcelona",Biblioteques,Lletres,41.386936575,2.175789976
2017,Usos_Ordinadors_i_Wifis,"Biblioteca Gòtic - Andreu Nin",22299,,,01,"Ciutat Vella",02,"el Barri Gòtic","Consorci o fundació amb presència municipal","Biblioteques de Barcelona",Biblioteques,Lletres,41.378730324,2.175978504
2017,Usos_Ordinadors_i_Wifis,"Biblioteca Sant Pau i Santa Creu",36811,,,01,"Ciutat Vella",01,"el Raval","Consorci o fundació amb presència municipal","Biblioteques de Barcelona",Biblioteques,Lletres,41.381057326,2.169793857
2017,Usos_Ordinadors_i_Wifis,"Biblioteca Esquerra de l'Eixample-Agustí Centelles",98167,,,02,Eixample,09,"la Nova Esquerra de l'Eixample","Consorci o fundació amb presència municipal","Biblioteques de Barcelona",Biblioteques,Lletres,41.3864488,2.1527896
2017,Usos_Ordinadors_i_Wifis,"Biblioteca Fort Pienc",27847,,,02,Eixample,05,"el Fort Pienc","Consorci o fundació amb presència municipal","Biblioteques de Barcelona",Biblioteques,Lletres,41.395555185,2.182447586
2017,Usos_Ordinadors_i_Wifis,"Biblioteca Joan Miró",22585,,,02,Eixample,09,"la Nova Esquerra de l'Eixample","Consorci o fundació amb presència municipal","Biblioteques de Barcelona",Biblioteques,Lletres,41.378816801,2.149230361
2017,Usos_Ordinadors_i_Wifis,"Biblioteca Sagrada Família",96337,,,02,Eixample,06,"la Sagrada Família","Consorci o fundació amb presència municipal","Biblioteques de Barcelona",Biblioteques,Lletres,41.4055771,2.176118
2017,Usos_Ordinadors_i_Wifis,"Biblioteca Sant Antoni - Joan Oliver",31591,,,02,Eixample,10,"Sant Antoni","Consorci o fundació amb presència municipal","Biblioteques de Barcelona",Biblioteques,Lletres,41.377384776,2.162778079
2017,Usos_Ordinadors_i_Wifis,"Biblioteca Sofia Barat",9616,,,02,Eixample,07,"la Dreta de Eixample","Consorci o fundació amb presència municipal","Biblioteques de Barcelona",Biblioteques,Lletres,41.394674294,2.171504480
2017,Usos_Ordinadors_i_Wifis,"Biblioteca Francesc Candel",25343,,,03,Sants-Montjuïc,13,"la Marina de Port","Consorci o fundació amb presència municipal","Biblioteques de Barcelona",Biblioteques,Lletres,41.361777512,2.136276613
2017,Usos_Ordinadors_i_Wifis,"Biblioteca Poble Sec - Francesc Boix",22794,,,03,Sants-Montjuïc,11,"el Poble-sec","Consorci o fundació amb presència municipal","Biblioteques de Barcelona",Biblioteques,Lletres,41.373921824,2.164025015
2017,Usos_Ordinadors_i_Wifis,"Biblioteca Vapor Vell",75017,,,03,Sants-Montjuïc,18,Sants,"Consorci o fundació amb presència municipal","Biblioteques de Barcelona",Biblioteques,Lletres,41.376897256,2.134733614
2017,Usos_Ordinadors_i_Wifis,"Biblioteca Can Rosés",4386,,,04,"Les Corts",19,"les Corts","Consorci o fundació amb presència municipal","Biblioteques de Barcelona",Biblioteques,Lletres,41.388637762,2.134585602
2017,Usos_Ordinadors_i_Wifis,"Biblioteca Les Corts - Miquel Llongueras",27424,,,04,"Les Corts",20,"la Maternitat i Sant Ramon","Consorci o fundació amb presència municipal","Biblioteques de Barcelona",Biblioteques,Lletres,41.377777960,2.121760828
2017,Usos_Ordinadors_i_Wifis,"Biblioteca Clarà",8572,,,05,"Sarrià-Sant Gervasi",24,"les Tres Torres","Consorci o fundació amb presència municipal","Biblioteques de Barcelona",Biblioteques,Lletres,41.399909399,2.129455802
2017,Usos_Ordinadors_i_Wifis,"Biblioteca Collserola - Josep Miracle",3112,,,05,"Sarrià-Sant Gervasi",22,"Vallvidrera, el Tibidabo i les Planes","Consorci o fundació amb presència municipal","Biblioteques de Barcelona",Biblioteques,Lletres,41.415359022,2.102528700
2017,Usos_Ordinadors_i_Wifis,"Biblioteca Sant Gervasi - Joan Maragall",47776,,,05,"Sarrià-Sant Gervasi",25,"Sant Gervasi - la Bonanova","Consorci o fundació amb presència municipal","Biblioteques de Barcelona",Biblioteques,Lletres,41.4059495,2.136064
2017,Usos_Ordinadors_i_Wifis,"Biblioteca Jaume Fuster",110859,,,06,Gràcia,28,"Vallcarca i els Penitents","Consorci o fundació amb presència municipal","Biblioteques de Barcelona",Biblioteques,Lletres,41.407459888,2.149757498
2017,Usos_Ordinadors_i_Wifis,"Biblioteca Vallcarca i els Penitents",11441,,,06,Gràcia,28,"Vallcarca i els Penitents","Consorci o fundació amb presència municipal","Biblioteques de Barcelona",Biblioteques,Lletres,41.420008234,2.139657303
2017,Usos_Ordinadors_i_Wifis,"Biblioteca Vila de Gràcia",50856,,,06,Gràcia,31,"la Vila de Gràcia","Consorci o fundació amb presència municipal","Biblioteques de Barcelona",Biblioteques,Lletres,41.401467067,2.158213802
2017,Usos_Ordinadors_i_Wifis,"Biblioteca El Carmel - Juan Marsé",32576,,,07,Horta-Guinardó,37,"el Carmel","Consorci o fundació amb presència municipal","Biblioteques de Barcelona",Biblioteques,Lletres,41.421104560,2.155286623
2017,Usos_Ordinadors_i_Wifis,"Biblioteca Guinardó - Mercè Rodoreda",51294,,,07,Horta-Guinardó,33,"el Baix Guinardó","Consorci o fundació amb presència municipal","Biblioteques de Barcelona",Biblioteques,Lletres,41.414313258,2.165318095
2017,Usos_Ordinadors_i_Wifis,"Biblioteca Horta - Can Mariner",21418,,,07,Horta-Guinardó,43,Horta,"Consorci o fundació amb presència municipal","Biblioteques de Barcelona",Biblioteques,Lletres,41.431105502,2.160733590
2017,Usos_Ordinadors_i_Wifis,"Biblioteca Montbau - Albert Pérez Baró",7313,,,07,Horta-Guinardó,40,Montbau,"Consorci o fundació amb presència municipal","Biblioteques de Barcelona",Biblioteques,Lletres,41.429553532,2.142195427
2017,Usos_Ordinadors_i_Wifis,"Biblioteca Canyelles",2634,,,08,"Nou Barris",49,Canyelles,"Consorci o fundació amb presència municipal","Biblioteques de Barcelona",Biblioteques,Lletres,41.443773486,2.164322669
2017,Usos_Ordinadors_i_Wifis,"Biblioteca Les Roquetes",20714,,,08,"Nou Barris",50,"les Roquetes","Consorci o fundació amb presència municipal","Biblioteques de Barcelona",Biblioteques,Lletres,41.445371792,2.177103706
2017,Usos_Ordinadors_i_Wifis,"Biblioteca Nou Barris",48706,,,08,"Nou Barris",48,"la Guineueta","Consorci o fundació amb presència municipal","Biblioteques de Barcelona",Biblioteques,Lletres,41.436813681,2.171212448
2017,Usos_Ordinadors_i_Wifis,"Biblioteca Vilapicina i la Torre Llobeta",27352,,,08,"Nou Barris",44,"Vilapicina i la Torre Llobeta","Consorci o fundació amb presència municipal","Biblioteques de Barcelona",Biblioteques,Lletres,41.426885098,2.176452383
2017,Usos_Ordinadors_i_Wifis,"Biblioteca Zona Nord",18379,,,08,"Nou Barris",54,"Torre Baró","Consorci o fundació amb presència municipal","Biblioteques de Barcelona",Biblioteques,Lletres,41.461237425,2.179875786
2017,Usos_Ordinadors_i_Wifis,"Biblioteca Bon Pastor",13865,,,09,"Sant Andreu",59,"el Bon Pastor","Consorci o fundació amb presència municipal","Biblioteques de Barcelona",Biblioteques,Lletres,41.435164144,2.204659876
2017,Usos_Ordinadors_i_Wifis,"Biblioteca Ignasi Iglésias - Can Fabra",89386,,,09,"Sant Andreu",60,"Sant Andreu","Consorci o fundació amb presència municipal","Biblioteques de Barcelona",Biblioteques,Lletres,41.434481450,2.190871493
2017,Usos_Ordinadors_i_Wifis,"Biblioteca La Sagrera - Marina Clotet",22653,,,09,"Sant Andreu",61,"la Sagrera","Consorci o fundació amb presència municipal","Biblioteques de Barcelona",Biblioteques,Lletres,41.425875519,2.193764263
2017,Usos_Ordinadors_i_Wifis,"Biblioteca Trinitat Vella - J. Barbero",23589,,,09,"Sant Andreu",57,"la Trinitat Vella","Consorci o fundació amb presència municipal","Biblioteques de Barcelona",Biblioteques,Lletres,41.449283144,2.190748711
2017,Usos_Ordinadors_i_Wifis,"Biblioteca Camp de l'Arpa - Caterina Albert",40380,,,10,"Sant Martí",64,"el Camp de l'Arpa del Clot","Consorci o fundació amb presència municipal","Biblioteques de Barcelona",Biblioteques,Lletres,41.415766234,2.182280785
2017,Usos_Ordinadors_i_Wifis,"Biblioteca El Clot - Josep Benet",35967,,,10,"Sant Martí",66,"el Parc i la Llacuna del Poblenou","Consorci o fundació amb presència municipal","Biblioteques de Barcelona",Biblioteques,Lletres,41.4019532,2.188806
2017,Usos_Ordinadors_i_Wifis,"Biblioteca Poblenou - Manuel Arranz",32977,,,10,"Sant Martí",68,"el Poblenou","Consorci o fundació amb presència municipal","Biblioteques de Barcelona",Biblioteques,Lletres,41.401373426,2.204525705
2017,Usos_Ordinadors_i_Wifis,"Biblioteca Ramon d'Alòs-Moner",10192,,,10,"Sant Martí",70,"el Besòs i el Maresme","Consorci o fundació amb presència municipal","Biblioteques de Barcelona",Biblioteques,Lletres,41.416309274,2.211483280
2017,Usos_Ordinadors_i_Wifis,"Biblioteca Sant Martí de Provençals",7850,,,10,"Sant Martí",72,"Sant Martí de Provençals","Consorci o fundació amb presència municipal","Biblioteques de Barcelona",Biblioteques,Lletres,41.416623960,2.198564569
2017,Usos_Ordinadors_i_Wifis,"Biblioteca Xavier Benguerel",29730,,,10,"Sant Martí",67,"la Vila Olímpica del Poblenou","Consorci o fundació amb presència municipal","Biblioteques de Barcelona",Biblioteques,Lletres,41.392407385,2.197710107
2017,Visites,"Biblioteca Barceloneta - La Fraternitat",66334,,,01,"Ciutat Vella",03,"la Barceloneta","Consorci o fundació amb presència municipal","Biblioteques de Barcelona",Biblioteques,Lletres,41.379201005,2.188854072
2017,Visites,"Biblioteca Francesca Bonnemaison",133579,,,01,"Ciutat Vella",04,"Sant Pere, Santa Caterina i la Ribera","Consorci o fundació amb presència municipal","Biblioteques de Barcelona",Biblioteques,Lletres,41.386936575,2.175789976
2017,Visites,"Biblioteca Gòtic - Andreu Nin",70842,,,01,"Ciutat Vella",02,"el Barri Gòtic","Consorci o fundació amb presència municipal","Biblioteques de Barcelona",Biblioteques,Lletres,41.378730324,2.175978504
2017,Visites,"Biblioteca Sant Pau i Santa Creu",167020,,,01,"Ciutat Vella",01,"el Raval","Consorci o fundació amb presència municipal","Biblioteques de Barcelona",Biblioteques,Lletres,41.381057326,2.169793857
2017,Visites,"Biblioteca Esquerra de l'Eixample-Agustí Centelles",333189,,,02,Eixample,09,"la Nova Esquerra de l'Eixample","Consorci o fundació amb presència municipal","Biblioteques de Barcelona",Biblioteques,Lletres,41.3864488,2.1527896
2017,Visites,"Biblioteca Fort Pienc",146602,,,02,Eixample,05,"el Fort Pienc","Consorci o fundació amb presència municipal","Biblioteques de Barcelona",Biblioteques,Lletres,41.395555185,2.182447586
2017,Visites,"Biblioteca Joan Miró",163646,,,02,Eixample,09,"la Nova Esquerra de l'Eixample","Consorci o fundació amb presència municipal","Biblioteques de Barcelona",Biblioteques,Lletres,41.378816801,2.149230361
2017,Visites,"Biblioteca Sagrada Família",457199,,,02,Eixample,06,"la Sagrada Família","Consorci o fundació amb presència municipal","Biblioteques de Barcelona",Biblioteques,Lletres,41.4055771,2.176118
2017,Visites,"Biblioteca Sant Antoni - Joan Oliver",135439,,,02,Eixample,10,"Sant Antoni","Consorci o fundació amb presència municipal","Biblioteques de Barcelona",Biblioteques,Lletres,41.377384776,2.162778079
2017,Visites,"Biblioteca Sofia Barat",73166,,,02,Eixample,07,"la Dreta de Eixample","Consorci o fundació amb presència municipal","Biblioteques de Barcelona",Biblioteques,Lletres,41.394674294,2.171504480
2017,Visites,"Biblioteca Francesc Candel",127118,,,03,Sants-Montjuïc,13,"la Marina de Port","Consorci o fundació amb presència municipal","Biblioteques de Barcelona",Biblioteques,Lletres,41.361777512,2.136276613
2017,Visites,"Biblioteca Poble Sec - Francesc Boix",80282,,,03,Sants-Montjuïc,11,"el Poble-sec","Consorci o fundació amb presència municipal","Biblioteques de Barcelona",Biblioteques,Lletres,41.373921824,2.164025015
2017,Visites,"Biblioteca Vapor Vell",343548,,,03,Sants-Montjuïc,18,Sants,"Consorci o fundació amb presència municipal","Biblioteques de Barcelona",Biblioteques,Lletres,41.376897256,2.134733614
2017,Visites,"Biblioteca Can Rosés",37880,,,04,"Les Corts",19,"les Corts","Consorci o fundació amb presència municipal","Biblioteques de Barcelona",Biblioteques,Lletres,41.388637762,2.134585602
2017,Visites,"Biblioteca Les Corts - Miquel Llongueras",122401,,,04,"Les Corts",20,"la Maternitat i Sant Ramon","Consorci o fundació amb presència municipal","Biblioteques de Barcelona",Biblioteques,Lletres,41.377777960,2.121760828
2017,Visites,"Biblioteca Clarà",70823,,,05,"Sarrià-Sant Gervasi",24,"les Tres Torres","Consorci o fundació amb presència municipal","Biblioteques de Barcelona",Biblioteques,Lletres,41.399909399,2.129455802
2017,Visites,"Biblioteca Collserola - Josep Miracle",26581,,,05,"Sarrià-Sant Gervasi",22,"Vallvidrera, el Tibidabo i les Planes","Consorci o fundació amb presència municipal","Biblioteques de Barcelona",Biblioteques,Lletres,41.415359022,2.102528700
2017,Visites,"Biblioteca Sant Gervasi - Joan Maragall",219076,,,05,"Sarrià-Sant Gervasi",25,"Sant Gervasi - la Bonanova","Consorci o fundació amb presència municipal","Biblioteques de Barcelona",Biblioteques,Lletres,41.4059495,2.136064
2017,Visites,"Biblioteca Jaume Fuster",765606,,,06,Gràcia,28,"Vallcarca i els Penitents","Consorci o fundació amb presència municipal","Biblioteques de Barcelona",Biblioteques,Lletres,41.407459888,2.149757498
2017,Visites,"Biblioteca Vallcarca i els Penitents",52180,,,06,Gràcia,28,"Vallcarca i els Penitents","Consorci o fundació amb presència municipal","Biblioteques de Barcelona",Biblioteques,Lletres,41.420008234,2.139657303
2017,Visites,"Biblioteca Vila de Gràcia",199520,,,06,Gràcia,31,"la Vila de Gràcia","Consorci o fundació amb presència municipal","Biblioteques de Barcelona",Biblioteques,Lletres,41.401467067,2.158213802
2017,Visites,"Biblioteca El Carmel - Juan Marsé",119457,,,07,Horta-Guinardó,37,"el Carmel","Consorci o fundació amb presència municipal","Biblioteques de Barcelona",Biblioteques,Lletres,41.421104560,2.155286623
2017,Visites,"Biblioteca Guinardó - Mercè Rodoreda",202562,,,07,Horta-Guinardó,33,"el Baix Guinardó","Consorci o fundació amb presència municipal","Biblioteques de Barcelona",Biblioteques,Lletres,41.414313258,2.165318095
2017,Visites,"Biblioteca Horta - Can Mariner",157926,,,07,Horta-Guinardó,43,Horta,"Consorci o fundació amb presència municipal","Biblioteques de Barcelona",Biblioteques,Lletres,41.431105502,2.160733590
2017,Visites,"Biblioteca Montbau - Albert Pérez Baró",50536,,,07,Horta-Guinardó,40,Montbau,"Consorci o fundació amb presència municipal","Biblioteques de Barcelona",Biblioteques,Lletres,41.429553532,2.142195427
2017,Visites,"Biblioteca Canyelles",16389,,,08,"Nou Barris",49,Canyelles,"Consorci o fundació amb presència municipal","Biblioteques de Barcelona",Biblioteques,Lletres,41.443773486,2.164322669
2017,Visites,"Biblioteca Les Roquetes",74630,,,08,"Nou Barris",50,"les Roquetes","Consorci o fundació amb presència municipal","Biblioteques de Barcelona",Biblioteques,Lletres,41.445371792,2.177103706
2017,Visites,"Biblioteca Nou Barris",244375,,,08,"Nou Barris",48,"la Guineueta","Consorci o fundació amb presència municipal","Biblioteques de Barcelona",Biblioteques,Lletres,41.436813681,2.171212448
2017,Visites,"Biblioteca Vilapicina i la Torre Llobeta",138228,,,08,"Nou Barris",44,"Vilapicina i la Torre Llobeta","Consorci o fundació amb presència municipal","Biblioteques de Barcelona",Biblioteques,Lletres,41.426885098,2.176452383
2017,Visites,"Biblioteca Zona Nord",61474,,,08,"Nou Barris",54,"Torre Baró","Consorci o fundació amb presència municipal","Biblioteques de Barcelona",Biblioteques,Lletres,41.461237425,2.179875786
2017,Visites,"Biblioteca Bon Pastor",73930,,,09,"Sant Andreu",59,"el Bon Pastor","Consorci o fundació amb presència municipal","Biblioteques de Barcelona",Biblioteques,Lletres,41.435164144,2.204659876
2017,Visites,"Biblioteca Ignasi Iglésias - Can Fabra",483737,,,09,"Sant Andreu",60,"Sant Andreu","Consorci o fundació amb presència municipal","Biblioteques de Barcelona",Biblioteques,Lletres,41.434481450,2.190871493
2017,Visites,"Biblioteca La Sagrera - Marina Clotet",84541,,,09,"Sant Andreu",61,"la Sagrera","Consorci o fundació amb presència municipal","Biblioteques de Barcelona",Biblioteques,Lletres,41.425875519,2.193764263
2017,Visites,"Biblioteca Trinitat Vella - J. Barbero",88662,,,09,"Sant Andreu",57,"la Trinitat Vella","Consorci o fundació amb presència municipal","Biblioteques de Barcelona",Biblioteques,Lletres,41.449283144,2.190748711
2017,Visites,"Biblioteca Camp de l'Arpa - Caterina Albert",167722,,,10,"Sant Martí",64,"el Camp de l'Arpa del Clot","Consorci o fundació amb presència municipal","Biblioteques de Barcelona",Biblioteques,Lletres,41.415766234,2.182280785
2017,Visites,"Biblioteca El Clot - Josep Benet",161633,,,10,"Sant Martí",66,"el Parc i la Llacuna del Poblenou","Consorci o fundació amb presència municipal","Biblioteques de Barcelona",Biblioteques,Lletres,41.4019532,2.188806
2017,Visites,"Biblioteca Poblenou - Manuel Arranz",163891,,,10,"Sant Martí",68,"el Poblenou","Consorci o fundació amb presència municipal","Biblioteques de Barcelona",Biblioteques,Lletres,41.401373426,2.204525705
2017,Visites,"Biblioteca Ramon d'Alòs-Moner",36548,,,10,"Sant Martí",70,"el Besòs i el Maresme","Consorci o fundació amb presència municipal","Biblioteques de Barcelona",Biblioteques,Lletres,41.416309274,2.211483280
2017,Visites,"Biblioteca Sant Martí de Provençals",60317,,,10,"Sant Martí",72,"Sant Martí de Provençals","Consorci o fundació amb presència municipal","Biblioteques de Barcelona",Biblioteques,Lletres,41.416623960,2.198564569
2017,Visites,"Biblioteca Xavier Benguerel",128279,,,10,"Sant Martí",67,"la Vila Olímpica del Poblenou","Consorci o fundació amb presència municipal","Biblioteques de Barcelona",Biblioteques,Lletres,41.392407385,2.197710107
